{"cameraMode":{"drawMode":0,"name":"Shaded","section":"Shading Mode"},"sceneLighting":true,"audioPlay":false,"sceneViewState":{"showFog":true,"showMaterialUpdate":true,"showSkybox":true,"showFlares":true,"showImageEffects":true,"showParticleSystems":true},"in2DMode":false,"pivot":{"x":-72.76517486572266,"y":-0.24051280319690705,"z":75.89952087402344},"rotation":{"x":-0.08591323345899582,"y":0.3437131643295288,"z":-0.03204408660531044,"w":-0.9347187876701355},"size":43.397918701171878,"orthographic":false}