{"cameraMode":{"drawMode":0,"name":"Shaded","section":"Shading Mode"},"sceneLighting":true,"audioPlay":false,"sceneViewState":{"showFog":true,"showMaterialUpdate":true,"showSkybox":true,"showFlares":true,"showImageEffects":true,"showParticleSystems":true},"in2DMode":false,"pivot":{"x":21.64716911315918,"y":-0.7010879516601563,"z":-41.011322021484378},"rotation":{"x":-0.05067881941795349,"y":-0.9218356013298035,"z":0.12664389610290528,"w":-0.3632318377494812},"size":18.771493911743165,"orthographic":false}