{"cameraMode":{"drawMode":0,"name":"Shaded","section":"Shading Mode"},"sceneLighting":true,"audioPlay":false,"sceneViewState":{"showFog":true,"showMaterialUpdate":true,"showSkybox":true,"showFlares":true,"showImageEffects":true,"showParticleSystems":true},"in2DMode":false,"pivot":{"x":-0.3185649812221527,"y":3.419820547103882,"z":4.445068836212158},"rotation":{"x":0.007689234334975481,"y":0.9889090061187744,"z":-0.13765466213226319,"w":0.0552394725382328},"size":0.2927246689796448,"orthographic":false}