{"cameraMode":{"drawMode":0,"name":"Shaded","section":"Shading Mode"},"sceneLighting":false,"audioPlay":false,"sceneViewState":{"showFog":true,"showMaterialUpdate":true,"showSkybox":true,"showFlares":true,"showImageEffects":true,"showParticleSystems":true},"in2DMode":false,"pivot":{"x":-2.386324882507324,"y":2.7795705795288088,"z":-0.11671304702758789},"rotation":{"x":-0.057436320930719379,"y":0.9096948504447937,"z":-0.3887045085430145,"w":-0.1344166398048401},"size":14.89468002319336,"orthographic":false}