{"cameraMode":{"drawMode":0,"name":"Shaded","section":"Shading Mode"},"sceneLighting":false,"audioPlay":false,"sceneViewState":{"showFog":true,"showMaterialUpdate":true,"showSkybox":true,"showFlares":true,"showImageEffects":true,"showParticleSystems":true},"in2DMode":false,"pivot":{"x":-1.0803027153015137,"y":3.567882537841797,"z":2.847370147705078},"rotation":{"x":-0.03966880962252617,"y":0.910940945148468,"z":-0.4005995988845825,"w":-0.09020167589187622},"size":8.262866020202637,"orthographic":false}