{"cameraMode":{"drawMode":0,"name":"Shaded","section":"Shading Mode"},"sceneLighting":true,"audioPlay":false,"sceneViewState":{"showFog":true,"showMaterialUpdate":true,"showSkybox":true,"showFlares":true,"showImageEffects":true,"showParticleSystems":true},"in2DMode":false,"pivot":{"x":-6.060973167419434,"y":-80.36196899414063,"z":140.28846740722657},"rotation":{"x":0.3057717978954315,"y":0.024721438065171243,"z":-0.007627369835972786,"w":0.951877772808075},"size":100.76370239257813,"orthographic":false}