{"cameraMode":{"drawMode":0,"name":"Shaded","section":"Shading Mode"},"sceneLighting":false,"audioPlay":false,"sceneViewState":{"showFog":true,"showMaterialUpdate":true,"showSkybox":false,"showFlares":true,"showImageEffects":true,"showParticleSystems":true},"in2DMode":false,"pivot":{"x":-11.866092681884766,"y":14.080092430114746,"z":-42.40040588378906},"rotation":{"x":-0.010427665896713734,"y":0.6401625275611877,"z":-0.009061465039849282,"w":-0.7682559490203857},"size":23.204635620117189,"orthographic":false}