{"cameraMode":{"drawMode":0,"name":"Shaded","section":"Shading Mode"},"sceneLighting":true,"audioPlay":false,"sceneViewState":{"showFog":true,"showMaterialUpdate":true,"showSkybox":true,"showFlares":true,"showImageEffects":true,"showParticleSystems":true},"in2DMode":false,"pivot":{"x":97.98487854003906,"y":-136.5556182861328,"z":-49.63554000854492},"rotation":{"x":0.2738467752933502,"y":0.716882050037384,"z":-0.37880346179008486,"w":0.5175254344940186},"size":100.76370239257813,"orthographic":false}